Protein Name,pH Environment,Protien ID,Sequence,Anticipated Antimicrobial Property,Probability of Antimicrobial Property ,Isoelectric Point,Total net Charge,Hydrophobic %,Cs and Ms Percentage ,Probability of Anti-Inflammatory Properties,
Albumin,1.3,P02768,AKTCVADESAENCDKS,No,0.0017,4,-2,13,12.50%,0.515,
Albumin,1.3,P02768,RETYGEMADCCAKQEPERNEC,No,0.0024,4.05,-3,29,19.00%,0.562,
Albumin,1.3,P02768,VESKDVCKNYAEAKDVF,No,0.0004,4.48,-1,41,5.90%,0.469,
Albumin,1.3,P02768,EKCCAAADPHECYAKV,No,0.0231,5.29,-0.75,50,18.75%,0.624,
Albumin,1.3,P02768,HEKTPVSDRVTKCCTES,No,0.009,7,0.25,24,11.76%,0.634,
Beta-casein,1.3,P05814,PVPQPEIMEVPKAKDTVYTKGRVMPVL,No,0.0117,9.61,1,37,7.40%,0.386,
Beta-casein,1.3,P05814,SSSEESITEYKQKVEKVKHEDQQQGEDEHQDKIYPSFQPQP,No,0.0015,4.39,-4.5,12,0.00%,0.69,
Beta-casein,1.3,P05814,LMQQVPQPIPQT,No,0.2342,5.47,0,33,8.33%,0.462,
Kappa-casein,1.3,P07498,FYQKTAPYVPMYYVPNSYPYYGTN,No,0.2994,8.86,1,21,4.17%,0.342,
Kappa-casein,1.3,P07498,AVEVQNQKQPACHENDERP,No,0.0075,4.5,-1.75,26,5.26%,0.559,
Kappa-casein,1.3,P07498,YQRRPAIAINNPYVPRTYYANPAVVRPHAQIPQRQYL,No,0.0082,10.69,5.25,32,0.00%,0.475,
Lactoferrin,1.3,P02788,LRPVAAEVYGTERQPRTHYYAVAVVKKGGS,No,0.0127,10.11,3.25,33,0.00%,0.5,
Lactoferrin,1.3,P02788,ARVPSHAVVARSVNGKEDAIWN,No,0.0001,9.63,1.25,45,0,0.368,
Kappa-casein,1.3,P07498,IAIPPKKIQDKIIIPTINTIATVEPTPAPATEPTVDSVVTPEA,No,0.0045,4.19,-2,40,0.00%,0.464,
Kappa-casein,1.3,P07498,SESIITSTPETTTVAVTPPTA,No,0.0012,2.97,-2,29,0,0.361,
Lactoferrin,1.3,P02788,RKSEEEVAARRARVVWCAVGEQE,No,0.019,6.52,0,43,4.35%,0.452,
Lactoferrin,1.3,P02788,AMAPNHAVVSRMDKVERL,No,0.0003,10.14,1.25,50,11.11%,0.405,
Lysozyme C,1.3,P61626,LKRLGMDGYRGIS,No,0.0097,10.36,2,31,7.70%,0.338,
Lysozyme C,1.3,P61626,AKWESGYNTRATNYNAGDRSTDYGI,No,0.0032,6.87,0,20,0,0.329,
Albumin,1.3,P02768,RRDAHKSEVAHRFKD,No,0.001,10.64,2.5,27,0,0.318,
Lactoferrin,1.3,P02788,SEGSVTCSSASTTEDCIA,No,0.0002,2.83,-3,33,11.11%,0.316,
Beta-casein,1.3,P05814,LWSVPQPKVLPIPQQVVPYPQRAVPVQA,No,0.1679,10.49,2,43,0,0.313,
Lactoferrin,1.3,P02788,AENYKSQQSSDPDPNCVDRPVEGY,No,0.0034,3.81,-3,17,4.17%,0.431,
Beta-casein,1.3,P05814,LNPTHQIYPVTQP,No,0.1715,8,0.25,23,0,0.335,
Lactoferrin,1.3,P02788,CIGDEQGENKCVPNSNERYYGYTGA,No,0.0015,4.04,-2,20,8.00%,0.482,
Lactoferrin,1.3,P02788,FSASCVPGADKGQF,No,0.144,6.07,0,43,7.14%,0.484,
Lactoferrin,1.3,P02788,SQSCAPGSDPRSNL,No,0.2798,6.08,0,21,7.14%,0.576,
Lactoferrin,1.3,P02788,DGKRKPVTEARSCH,No,0.1745,9.78,2.25,21,7.14%,0.607,
Albumin,1.3,P02768,VRYTKKVPQVSTPTL,No,0.0194,10.76,3,27,0,0.354,
Beta-casein,1.3,P05814,PQNIL,No,0.2916,5.23,0,40,0.00%,0.568,
Beta-casein,1.3,P05814,LAQPAVVL,No,0.2677,5.58,0,75,0,0.309,
Beta-casein,1.3,P05814,ARETIES,No,0.0479,4.09,-1,29,0,0.28,
Beta-casein,1.3,P05814,KSPTIP,No,0.4666,10.59,1,17,0.00%,0.551,
Albumin,1.3,P02768,EKSHCIAEVENDEMPADL,No,0.0008,3.72,-4.75,39,11.11%,0.51,
Beta-casein,1.3,P05814,ALPPQP,No,0.3851,5.65,0,33,0,0.296,
Lysozyme C,1.3,P61626,SVTVQGKV,No,0.1971,10.14,1,38,0.00%,0.432,
IgA Fc receptor,1.3,P24071,MDPKQTT,No,0.0642,6.46,0,14,14.29%,0.282,
IgA Fc receptor,1.3,P24071,FISAKSSPVIP,No,0.2453,10.59,1,45,0,0.384,
IgA Fc receptor,1.3,P24071,LDGSVKIQCQAIREAY,No,0.0179,6.27,0,44,6.25%,0.456,
Lactoferrin,1.3,P02788,QNTDGNNNEAWAKD,No,0.0015,3.68,-2,21,0.00%,0.491,
IgA Fc receptor,1.3,P24071,MIIKNSTYREIGRRLKF,No,0.0016,11.46,4,35,5.88%,0.496,
Lysozyme C,1.3,P61626,FERCEL,No,0.0863,4.09,-1,50,16.67%,0.602,
IgA Fc receptor,1.3,P24071,RYSDT,No,0.2523,6.44,0,0,0,0.371,
Beta-casein,1.3,P05814,FVEPIPYG,No,0.4002,3.14,-1,38,0,0.304,
IgA Fc receptor,1.3,P24071,GQRIQAQEGDF,No,0.0008,4.01,-1,27,0,0.378,
IgA Fc receptor,1.3,P24071,WNETDPEF,No,0.0042,2.96,-3,25,0.00%,0.526,
IgA Fc receptor,1.3,P24071,SADRG,No,0.3936,6.76,0,20,0,0.322,
IgA Fc receptor,1.3,P24071,LMPGENIS,No,0.0414,3.2,-1,38,12.50%,0.402,
IgA Fc receptor,1.3,P24071,TCSSAHIPFDRF,No,0.0961,7.15,0.25,42,8.33%,0.492,
IgA Fc receptor,1.3,P24071,AKEGE,No,0.1853,4.09,-1,20,0,0.317,
IgA Fc receptor,1.3,P24071,PQHQSGEHPAN,No,0.0935,6.05,-0.5,9,0.00%,0.51,
IgA Fc receptor,1.3,P24071,LGPVD,No,0.2761,3.12,-1,40,0.00%,0.48,
IgA Fc receptor,1.3,P24071,VVTDSIHQDYTTQN,No,0.0003,3.92,-1.75,21,0.00%,0.451,
IgA Fc receptor,1.3,P24071,IRMAVAG,No,0.3982,11.13,1,71,14.29%,0.612,
IgA Fc receptor,1.3,P24071,VENWHSHTAL,No,0.0163,6.05,-0.5,40,0.00%,0.551,
IgA Fc receptor,1.3,P24071,NKEASADVAEPSWSQQMCQPGL,No,0.0018,3.73,-2,36,9.00%,0.407,
IgG receptor,1.3,P55899,GAESH,No,0.3397,5.06,-0.75,20,0,0.378,
IgG receptor,1.3,P55899,TAVSSPAPGTPAF,No,0.2146,5.32,0,38,0.00%,0.487,
IgG receptor,1.3,P55899,LGPQQY,No,0.3759,5.48,0,17,0,0.379,
IgG receptor,1.3,P55899,RGEAEPCGAWVWENQVSWYWEKETTD,No,0.0004,3.75,-4,35,3.85%,0.333,
IgG receptor,1.3,P55899,RIKEKL,No,0.4404,10.63,2,33,0,0.307,
IgG receptor,1.3,P55899,LGPDNTSVPTAK,No,0.0784,6.44,0,25,0,0.273,
IgG receptor,1.3,P55899,KQGTWGGDWPEA,No,0.0439,4,-1,25,0.00%,0.541,
IgG receptor,1.3,P55899,AISQRWQQQDKAANKE,No,0.0016,9.81,1,31,0,0.3,
IgG receptor,1.3,P55899,SCPHRLREHL,No,0.433,9.03,1.5,30,10%,0.363,
IgG receptor,1.3,P55899,ERGRGNL,No,0.388,10.96,1,14,0,0.376,
IgG receptor,1.3,P55899,EWKEPPSMRL,No,0.2078,6.98,0,30,10%,0.294,
IgG receptor,1.3,P55899,FYPPEL,No,0.2575,3.14,-1,33,0.00%,0.469,
IgG receptor,1.3,P55899,AAGTGQGD,No,0.1611,3.13,-1,25,0.00%,0.434,
IgG receptor,1.3,P55899,FGPNSDGS,No,0.2006,3.05,-1,13,0,0.347,
IgG receptor,1.3,P55899,HASSS,No,0.4786,7.63,0.25,20,0,0.374,
IgG receptor,1.3,P55899,TVKSGDEHHYCCIVQHAGL,No,0.0314,6.34,-0.25,37,10.50%,0.354,
IgG receptor,1.3,P55899,LRVEL,No,0.113,6.84,0,60,0.00%,0.602,
IgG receptor,1.3,P55899,ESPAKSSV,No,0.1463,6.81,0,25,0.00%,0.515,
IgG receptor,1.3,P55899,TAAAVGGA,No,0.4411,5.37,0,63,0.00%,0.49,
IgG receptor,1.3,P55899,RGDDTGV,No,0.0481,3.91,-1,14,0.00%,0.591,
IgG receptor,1.3,P55899,PTPGEAQDAD,No,0.036,2.69,-3,20,0.00%,0.577,
IgG receptor,1.3,P55899,KDVNVIPATA,No,0.0899,6.76,0,50,0.00%,0.542,
Lactoferrin,1.3,P02788,NWTGPPEPIEAAVARF,Yes,0.8474,4.08,-1,44,0.00%,0.574,
Albumin,1.3,P02768,LGKVGSKCCKHPEAKRMPCAEDY,Yes,0.997,8.48,2.25,35,17.40%,0.479,
Kappa-casein,1.3,P07498,PNSHPPTVVRRPNLHPSF,Yes,0.7089,12.49,2.5,22,0.00%,0.487,
Lactoferrin,1.3,P02788,AGRRRSVQWCAVSQPEATKC,Yes,0.9926,10.6,3,40,10.00%,0.508,
Lactoferrin,1.3,P02788,FQWQRNMRKVRGPPVSCIKRDSPIQCIQAIAENRADAVT,Yes,0.8976,10.54,4,41,5.13%,0.524,
Lactoferrin,1.3,P02788,DGGYVYTAGKCGLVPVL,Yes,0.9578,6.07,0,41,5.88%,0.473,
Lactoferrin,1.3,P02788,TWNSVKGKKSCHTAVDRTAGWNIPMG,Yes,0.9382,10.37,3.25,35,3.85%,0.572,
Lysozyme C,1.3,P61626,QINSRYWCNDGKTPGAVNACH,Yes,0.5416,8.23,1.25,33,9.52%,0.591,
Lysozyme C,1.3,P61626,QDNIADAVACAKRVVRDPQGIRAWVAWRNRCQNRDVRQYVQGCGV,Yes,0.9998,9.83,4,44,6.66%,0.552,
Beta-casein,1.3,P05814,FFDPQIPKL,Yes,0.5777,6.71,0,44,0.00%,0.572,
Beta-casein,1.3,P05814,LAPVHNPISV,Yes,0.6055,7.89,0.25,50,0.00%,0.43,
Lysozyme C,1.3,P61626,ANWMC,Yes,0.7673,5.23,0,80,40.00%,0.463,
IgA Fc receptor,1.3,P24071,VIDHMDANKAGRYQCQYRIGHYRF,Yes,0.896,9.36,2.5,33,8.33%,0.401,
IgA Fc receptor,1.3,P24071,NVSGIYRCYGWYNRSPYL,Yes,0.9684,9.43,2,28.00,5.55%,0.42,
IgA Fc receptor,1.3,P24071,ARTPSVCK,Yes,0.8948,9.85,2,38.00,12.50%,0.59,
IgG receptor,1.3,P55899,MGVPRPQPWA,Yes,0.8147,11.18,1,40,10.00%,0.522,
IgG receptor,1.3,P55899,WVSGW,Yes,0.8254,5.64,0,60,0,0.332,
IgG receptor,1.3,P55899,LGGKGPYT,Yes,0.5958,9.49,1,13,0.00%,0.579,
IgG receptor,1.3,P55899,KARPSSPGF,Yes,0.6743,11.53,2,22,0.00%,0.515,
IgG receptor,1.3,P55899,LRNGL,Yes,0.7364,11.11,1,40,0.00%,0.424,
IgG receptor,1.3,P55899,VVGIVIGV,Yes,0.8509,5.63,0,75,0,0.32,
IgG receptor,1.3,P55899,WRRMRSGL,Yes,0.9371,12.79,3,38,12.50%,0.506,
IgG receptor,1.3,P55899,PAPWIS,Yes,0.7666,5.16,0,50,0.00%,0.589,
,,,,,,,,,,,
,,,,,,,,,,,
,,,,,,,,,,,
,,,,,,,,,,,
,,,,,,,,,,,
,,,,,,,,,,,
,,,,,,,,,,,
,,,,,,,,,,,
,,,,,,,,,,,
,,,,,,,,,,,
,,,,,,,,,,,
,,,,,,,,,,,
,,,,,,,,,,,
,,,,,,,,,,,
,,,,,,,,,,,
,,,,,,,,,,,
,,,,,,,,,,,
,,,,,,,,,,,
,,,,,,,,,,,
,,,,,,,,,,,
,,,,,,,,,,,
,,,,,,,,,,,
,,,,,,,,,,,
,,,,,,,,,,,
,,,,,,,,,,,
,,,,,,,,,,,
,,,,,,,,,,,
,,,,,,,,,,,
,,,,,,,,,,,
,,,,,,,,,,,
,,,,,,,,,,,
,,,,,,,,,,,
,,,,,,,,,,,
,,,,,,,,,,,
,,,,,,,,,,,
,,,,,,,,,,,
,,,,,,,,,,,
,,,,,,,,,,,
,,,,,,,,,,,
,,,,,,,,,,,
,,,,,,,,,,,
,,,,,,,,,,,
,,,,,,,,,,,
,,,,,,,,,,,
,,,,,,,,,,,
,,,,,,,,,,,
,,,,,,,,,,,
,,,,,,,,,,,
,,,,,,,,,,,
,,,,,,,,,,,
,,,,,,,,,,,
,,,,,,,,,,,
,,,,,,,,,,,
,,,,,,,,,,,
,,,,,,,,,,,
,,,,,,,,,,,
,,,,,,,,,,,
,,,,,,,,,,,
,,,,,,,,,,,
,,,,,,,,,,,
,,,,,,,,,,,
,,,,,,,,,,,
,,,,,,,,,,,
,,,,,,,,,,,
,,,,,,,,,,,
,,,,,,,,,,,
,,,,,,,,,,,
,,,,,,,,,,,
,,,,,,,,,,,
,,,,,,,,,,,
,,,,,,,,,,,
,,,,,,,,,,,
,,,,,,,,,,,
,,,,,,,,,,,
,,,,,,,,,,,
,,,,,,,,,,,
,,,,,,,,,,,
,,,,,,,,,,,
,,,,,,,,,,,
,,,,,,,,,,,